First name,Last name,login,E-mail,password
Gerald,Gonzalez,ggonzalez0,ggonzalez0@printfriendly.com,QDy95kRunlkn
John,Adams,jadams1,jadams1@mac.com,fJDfqVhqGjm6
Eric,Brown,ebrown2,ebrown2@addthis.com,TbBZRwn41
Juan,Hamilton,jhamilton3,jhamilton3@vinaora.com,vlUnUJ7
Marie,Gonzales,mgonzales4,mgonzales4@cafepress.com,ZD9hD9Dg
Kathryn,Day,kday5,kday5@tinypic.com,gm3LeN8F
Cheryl,Murphy,cmurphy6,cmurphy6@ucsd.edu,CMqWCFHJqH
John,Rice,jrice7,jrice7@dagondesign.com,k6y9KEKgfb
Frank,Riley,friley8,friley8@sogou.com,33uTZ0av
Rose,Black,rblack9,rblack9@businesswire.com,D2oM3D
Stephen,Adams,sadamsa,sadamsa@instagram.com,OXxNPtGkGJOh
Eugene,Wright,ewrightb,ewrightb@homestead.com,zCYAR43t54
Elizabeth,Chavez,echavezc,echavezc@w3.org,5bnKy78OIr
Harold,Gibson,hgibsond,hgibsond@spiegel.de,UWzpNDzMI
Paula,Payne,ppaynee,ppaynee@usnews.com,ejguEGn
